comp_id,variable,variable_name,top4_mean,bottom4_mean,diff,diff_pct,effect_size,n_games
TFT16_Ahri | TFT16_Wukong | TFT16_Yone,level,Nivel,8.83,8.25,0.58,7.1,0.83,1417
TFT16_Ahri | TFT16_Wukong | TFT16_Yone,last_round,Ronda supervivencia,34.76,28.83,5.93,20.6,2.43,1417
TFT16_Ahri | TFT16_Wukong | TFT16_Yone,gold_left,Oro sobrante,5.98,6.82,-0.85,-12.4,-0.07,1417
TFT16_Ahri | TFT16_Wukong | TFT16_Yone,players_eliminated,Eliminaciones,1.27,0.21,1.06,515.4,1.26,1417
TFT16_Ahri | TFT16_Wukong | TFT16_Yone,total_damage_to_players,Daño total,126.77,66.09,60.69,91.8,2.04,1417
TFT16_Kindred | TFT16_Lucian | TFT16_Shyvana,level,Nivel,9.27,8.99,0.29,3.2,0.7,1334
TFT16_Kindred | TFT16_Lucian | TFT16_Shyvana,last_round,Ronda supervivencia,35.33,29.41,5.92,20.1,2.51,1334
TFT16_Kindred | TFT16_Lucian | TFT16_Shyvana,gold_left,Oro sobrante,4.89,3.12,1.77,56.8,0.23,1334
TFT16_Kindred | TFT16_Lucian | TFT16_Shyvana,players_eliminated,Eliminaciones,1.69,0.19,1.49,770.1,1.73,1334
TFT16_Kindred | TFT16_Lucian | TFT16_Shyvana,total_damage_to_players,Daño total,145.92,71.7,74.22,103.5,2.31,1334
TFT16_Annie | TFT16_AnnieTibbers | TFT16_Sylas,level,Nivel,9.35,9.08,0.27,3.0,0.7,791
TFT16_Annie | TFT16_AnnieTibbers | TFT16_Sylas,last_round,Ronda supervivencia,35.28,29.4,5.88,20.0,2.48,791
TFT16_Annie | TFT16_AnnieTibbers | TFT16_Sylas,gold_left,Oro sobrante,5.47,3.37,2.1,62.1,0.24,791
TFT16_Annie | TFT16_AnnieTibbers | TFT16_Sylas,players_eliminated,Eliminaciones,1.57,0.2,1.36,671.0,1.53,791
TFT16_Annie | TFT16_AnnieTibbers | TFT16_Sylas,total_damage_to_players,Daño total,136.56,69.79,66.77,95.7,2.06,791
TFT16_MissFortune | TFT16_Nautilus | TFT16_TwistedFate,level,Nivel,9.1,8.44,0.66,7.8,1.08,750
TFT16_MissFortune | TFT16_Nautilus | TFT16_TwistedFate,last_round,Ronda supervivencia,34.14,27.66,6.47,23.4,2.4,750
TFT16_MissFortune | TFT16_Nautilus | TFT16_TwistedFate,gold_left,Oro sobrante,8.62,10.19,-1.58,-15.5,-0.1,750
TFT16_MissFortune | TFT16_Nautilus | TFT16_TwistedFate,players_eliminated,Eliminaciones,1.45,0.11,1.34,1249.5,1.58,750
TFT16_MissFortune | TFT16_Nautilus | TFT16_TwistedFate,total_damage_to_players,Daño total,132.64,59.27,73.37,123.8,2.12,750
TFT16_Jinx | TFT16_Singed | TFT16_Warwick,level,Nivel,8.78,8.2,0.59,7.2,1.04,671
TFT16_Jinx | TFT16_Singed | TFT16_Warwick,last_round,Ronda supervivencia,34.3,28.34,5.97,21.1,2.53,671
TFT16_Jinx | TFT16_Singed | TFT16_Warwick,gold_left,Oro sobrante,5.33,7.73,-2.39,-31.0,-0.19,671
TFT16_Jinx | TFT16_Singed | TFT16_Warwick,players_eliminated,Eliminaciones,1.28,0.18,1.11,621.0,1.37,671
TFT16_Jinx | TFT16_Singed | TFT16_Warwick,total_damage_to_players,Daño total,125.87,63.46,62.42,98.4,2.2,671
TFT16_Kaisa | TFT16_RiftHerald | TFT16_Wukong,level,Nivel,9.18,8.62,0.55,6.4,0.92,613
TFT16_Kaisa | TFT16_RiftHerald | TFT16_Wukong,last_round,Ronda supervivencia,34.4,29.09,5.31,18.3,2.12,613
TFT16_Kaisa | TFT16_RiftHerald | TFT16_Wukong,gold_left,Oro sobrante,5.25,6,-0.75,-12.4,-0.07,613
TFT16_Kaisa | TFT16_RiftHerald | TFT16_Wukong,players_eliminated,Eliminaciones,1.17,0.15,1.02,656.5,1.31,613
TFT16_Kaisa | TFT16_RiftHerald | TFT16_Wukong,total_damage_to_players,Daño total,129.23,71.39,57.84,81.0,1.82,613
TFT16_Ambessa | TFT16_BelVeth | TFT16_RiftHerald,level,Nivel,8.88,8.36,0.52,6.2,1.03,585
TFT16_Ambessa | TFT16_BelVeth | TFT16_RiftHerald,last_round,Ronda supervivencia,34.75,29.05,5.7,19.6,2.3,585
TFT16_Ambessa | TFT16_BelVeth | TFT16_RiftHerald,gold_left,Oro sobrante,4.64,5.73,-1.09,-19.1,-0.11,585
TFT16_Ambessa | TFT16_BelVeth | TFT16_RiftHerald,players_eliminated,Eliminaciones,1.16,0.19,0.98,518.2,1.21,585
TFT16_Ambessa | TFT16_BelVeth | TFT16_RiftHerald,total_damage_to_players,Daño total,131.93,71.21,60.72,85.3,2.05,585
TFT16_Azir | TFT16_Ryze | TFT16_Sylas,level,Nivel,9.33,9.03,0.3,3.3,0.84,576
TFT16_Azir | TFT16_Ryze | TFT16_Sylas,last_round,Ronda supervivencia,35.4,29.56,5.84,19.8,2.52,576
TFT16_Azir | TFT16_Ryze | TFT16_Sylas,gold_left,Oro sobrante,6.03,4.3,1.73,40.2,0.21,576
TFT16_Azir | TFT16_Ryze | TFT16_Sylas,players_eliminated,Eliminaciones,1.71,0.26,1.45,554.2,1.5,576
TFT16_Azir | TFT16_Ryze | TFT16_Sylas,total_damage_to_players,Daño total,145.91,72.43,73.48,101.4,2.2,576
TFT16_Jinx | TFT16_Loris | TFT16_Sejuani,level,Nivel,8.55,7.7,0.86,11.1,1.27,574
TFT16_Jinx | TFT16_Loris | TFT16_Sejuani,last_round,Ronda supervivencia,34.83,28.23,6.6,23.4,2.52,574
TFT16_Jinx | TFT16_Loris | TFT16_Sejuani,gold_left,Oro sobrante,7.31,7.5,-0.19,-2.6,-0.02,574
TFT16_Jinx | TFT16_Loris | TFT16_Sejuani,players_eliminated,Eliminaciones,1.45,0.25,1.2,485.7,1.45,574
TFT16_Jinx | TFT16_Loris | TFT16_Sejuani,total_damage_to_players,Daño total,129.51,64.78,64.73,99.9,2.16,574
TFT16_Leona | TFT16_Malzahar | TFT16_Zoe,level,Nivel,8.21,7.28,0.92,12.7,1.78,572
TFT16_Leona | TFT16_Malzahar | TFT16_Zoe,last_round,Ronda supervivencia,34.94,28.36,6.58,23.2,2.54,572
TFT16_Leona | TFT16_Malzahar | TFT16_Zoe,gold_left,Oro sobrante,7.08,7.96,-0.88,-11.1,-0.08,572
TFT16_Leona | TFT16_Malzahar | TFT16_Zoe,players_eliminated,Eliminaciones,1.47,0.22,1.26,575.9,1.5,572
TFT16_Leona | TFT16_Malzahar | TFT16_Zoe,total_damage_to_players,Daño total,126.55,61.24,65.31,106.7,2.13,572
TFT16_Kennen | TFT16_Kobuko | TFT16_Veigar,level,Nivel,9.09,8.45,0.64,7.6,1.04,550
TFT16_Kennen | TFT16_Kobuko | TFT16_Veigar,last_round,Ronda supervivencia,34.59,28.59,6.0,21.0,2.51,550
TFT16_Kennen | TFT16_Kobuko | TFT16_Veigar,gold_left,Oro sobrante,6.09,6.55,-0.46,-7.0,-0.04,550
TFT16_Kennen | TFT16_Kobuko | TFT16_Veigar,players_eliminated,Eliminaciones,1.44,0.15,1.29,862.3,1.57,550
TFT16_Kennen | TFT16_Kobuko | TFT16_Veigar,total_damage_to_players,Daño total,128.13,63.39,64.74,102.1,1.96,550
TFT16_Garen | TFT16_Lux | TFT16_Taric,level,Nivel,9.05,8.49,0.56,6.6,1.01,541
TFT16_Garen | TFT16_Lux | TFT16_Taric,last_round,Ronda supervivencia,34.7,28.37,6.32,22.3,2.43,541
TFT16_Garen | TFT16_Lux | TFT16_Taric,gold_left,Oro sobrante,3.29,5.28,-2.0,-37.8,-0.23,541
TFT16_Garen | TFT16_Lux | TFT16_Taric,players_eliminated,Eliminaciones,1.32,0.21,1.11,538.5,1.31,541
TFT16_Garen | TFT16_Lux | TFT16_Taric,total_damage_to_players,Daño total,134.87,63.93,70.94,111.0,2.16,541
TFT16_Braum | TFT16_Kalista | TFT16_Seraphine,level,Nivel,9.05,8.47,0.58,6.8,1.19,511
TFT16_Braum | TFT16_Kalista | TFT16_Seraphine,last_round,Ronda supervivencia,34.58,28.75,5.83,20.3,2.59,511
TFT16_Braum | TFT16_Kalista | TFT16_Seraphine,gold_left,Oro sobrante,4.35,6.77,-2.42,-35.7,-0.23,511
TFT16_Braum | TFT16_Kalista | TFT16_Seraphine,players_eliminated,Eliminaciones,1.24,0.18,1.07,605.6,1.31,511
TFT16_Braum | TFT16_Kalista | TFT16_Seraphine,total_damage_to_players,Daño total,121.63,66.52,55.12,82.9,1.79,511
TFT16_Braum | TFT16_Lissandra | TFT16_Seraphine,level,Nivel,8.96,8.39,0.57,6.8,1.04,482
TFT16_Braum | TFT16_Lissandra | TFT16_Seraphine,last_round,Ronda supervivencia,34.14,28.39,5.75,20.3,2.3,482
TFT16_Braum | TFT16_Lissandra | TFT16_Seraphine,gold_left,Oro sobrante,6.85,7.71,-0.86,-11.2,-0.07,482
TFT16_Braum | TFT16_Lissandra | TFT16_Seraphine,players_eliminated,Eliminaciones,1.21,0.16,1.05,653.5,1.25,482
TFT16_Braum | TFT16_Lissandra | TFT16_Seraphine,total_damage_to_players,Daño total,130.78,66.45,64.32,96.8,2.06,482
TFT16_Garen | TFT16_Lux | TFT16_Swain,level,Nivel,8.91,8.39,0.52,6.2,0.88,465
TFT16_Garen | TFT16_Lux | TFT16_Swain,last_round,Ronda supervivencia,34.77,28.48,6.28,22.1,2.43,465
TFT16_Garen | TFT16_Lux | TFT16_Swain,gold_left,Oro sobrante,5.91,6.33,-0.42,-6.6,-0.04,465
TFT16_Garen | TFT16_Lux | TFT16_Swain,players_eliminated,Eliminaciones,1.36,0.17,1.18,677.1,1.36,465
TFT16_Garen | TFT16_Lux | TFT16_Swain,total_damage_to_players,Daño total,131.99,62.98,69.0,109.6,2.06,465
TFT16_Braum | TFT16_Loris | TFT16_Seraphine,level,Nivel,9.19,8.43,0.76,9.0,1.3,457
TFT16_Braum | TFT16_Loris | TFT16_Seraphine,last_round,Ronda supervivencia,34.5,27.15,7.35,27.1,2.66,457
TFT16_Braum | TFT16_Loris | TFT16_Seraphine,gold_left,Oro sobrante,5.68,9.19,-3.52,-38.3,-0.28,457
TFT16_Braum | TFT16_Loris | TFT16_Seraphine,players_eliminated,Eliminaciones,1.56,0.1,1.46,1438.5,1.74,457
TFT16_Braum | TFT16_Loris | TFT16_Seraphine,total_damage_to_players,Daño total,131.06,53.57,77.49,144.7,2.37,457
TFT16_Milio | TFT16_Neeko | TFT16_Vi,level,Nivel,8.4,7.57,0.83,11.0,0.98,435
TFT16_Milio | TFT16_Neeko | TFT16_Vi,last_round,Ronda supervivencia,34.71,26.26,8.45,32.2,2.65,435
TFT16_Milio | TFT16_Neeko | TFT16_Vi,gold_left,Oro sobrante,9.74,11.22,-1.48,-13.2,-0.09,435
TFT16_Milio | TFT16_Neeko | TFT16_Vi,players_eliminated,Eliminaciones,1.52,0.1,1.42,1420.0,1.61,435
TFT16_Milio | TFT16_Neeko | TFT16_Vi,total_damage_to_players,Daño total,126.8,45.06,81.74,181.4,2.47,435
TFT16_Braum | TFT16_Lissandra | TFT16_Sejuani,level,Nivel,9.12,8.56,0.56,6.6,0.95,395
TFT16_Braum | TFT16_Lissandra | TFT16_Sejuani,last_round,Ronda supervivencia,34.51,28.47,6.04,21.2,2.42,395
TFT16_Braum | TFT16_Lissandra | TFT16_Sejuani,gold_left,Oro sobrante,5.44,6.55,-1.11,-17.0,-0.1,395
TFT16_Braum | TFT16_Lissandra | TFT16_Sejuani,players_eliminated,Eliminaciones,1.33,0.16,1.17,727.0,1.42,395
TFT16_Braum | TFT16_Lissandra | TFT16_Sejuani,total_damage_to_players,Daño total,131.27,63.06,68.2,108.1,2.02,395
TFT16_Ryze | TFT16_Taric | TFT16_Volibear,level,Nivel,9.39,9.03,0.36,3.9,0.97,374
TFT16_Ryze | TFT16_Taric | TFT16_Volibear,last_round,Ronda supervivencia,35.25,29.17,6.08,20.8,2.57,374
TFT16_Ryze | TFT16_Taric | TFT16_Volibear,gold_left,Oro sobrante,5.42,2.71,2.71,99.8,0.34,374
TFT16_Ryze | TFT16_Taric | TFT16_Volibear,players_eliminated,Eliminaciones,1.66,0.2,1.45,709.5,1.74,374
TFT16_Ryze | TFT16_Taric | TFT16_Volibear,total_damage_to_players,Daño total,142.07,70.33,71.74,102.0,2.42,374
TFT16_Ambessa | TFT16_BelVeth | TFT16_Swain,level,Nivel,8.96,8.26,0.7,8.4,1.39,373
TFT16_Ambessa | TFT16_BelVeth | TFT16_Swain,last_round,Ronda supervivencia,34.72,28.69,6.03,21.0,2.34,373
TFT16_Ambessa | TFT16_BelVeth | TFT16_Swain,gold_left,Oro sobrante,5.38,6.19,-0.81,-13.1,-0.08,373
TFT16_Ambessa | TFT16_BelVeth | TFT16_Swain,players_eliminated,Eliminaciones,1.32,0.16,1.15,706.7,1.32,373
TFT16_Ambessa | TFT16_BelVeth | TFT16_Swain,total_damage_to_players,Daño total,129,66.25,62.75,94.7,2.09,373
TFT16_Taric | TFT16_Wukong | TFT16_Yunara,level,Nivel,9.11,8.47,0.64,7.6,1.26,356
TFT16_Taric | TFT16_Wukong | TFT16_Yunara,last_round,Ronda supervivencia,34.64,28.18,6.46,22.9,2.75,356
TFT16_Taric | TFT16_Wukong | TFT16_Yunara,gold_left,Oro sobrante,4.24,6.41,-2.17,-33.9,-0.22,356
TFT16_Taric | TFT16_Wukong | TFT16_Yunara,players_eliminated,Eliminaciones,1.22,0.13,1.09,836.7,1.31,356
TFT16_Taric | TFT16_Wukong | TFT16_Yunara,total_damage_to_players,Daño total,130.86,62.69,68.17,108.7,2.26,356
TFT16_Ambessa | TFT16_Mel | TFT16_Swain,level,Nivel,9.07,8.54,0.53,6.2,1.06,337
TFT16_Ambessa | TFT16_Mel | TFT16_Swain,last_round,Ronda supervivencia,34.73,28.48,6.25,21.9,2.56,337
TFT16_Ambessa | TFT16_Mel | TFT16_Swain,gold_left,Oro sobrante,5.81,7.79,-1.98,-25.5,-0.16,337
TFT16_Ambessa | TFT16_Mel | TFT16_Swain,players_eliminated,Eliminaciones,1.4,0.14,1.26,897.8,1.45,337
TFT16_Ambessa | TFT16_Mel | TFT16_Swain,total_damage_to_players,Daño total,128.84,62.03,66.81,107.7,2.04,337
TFT16_Darius | TFT16_Draven | TFT16_Leblanc,level,Nivel,8.85,7.73,1.12,14.5,1.3,333
TFT16_Darius | TFT16_Draven | TFT16_Leblanc,last_round,Ronda supervivencia,35.12,28.28,6.84,24.2,2.52,333
TFT16_Darius | TFT16_Draven | TFT16_Leblanc,gold_left,Oro sobrante,9.73,9.27,0.46,5.0,0.03,333
TFT16_Darius | TFT16_Draven | TFT16_Leblanc,players_eliminated,Eliminaciones,1.45,0.09,1.36,1559.5,1.56,333
TFT16_Darius | TFT16_Draven | TFT16_Leblanc,total_damage_to_players,Daño total,129.1,57.45,71.65,124.7,2.3,333
TFT16_Fiddlesticks | TFT16_Lucian | TFT16_Shyvana,level,Nivel,9.43,9.03,0.39,4.3,0.9,302
TFT16_Fiddlesticks | TFT16_Lucian | TFT16_Shyvana,last_round,Ronda supervivencia,35.72,28.47,7.25,25.5,2.99,302
TFT16_Fiddlesticks | TFT16_Lucian | TFT16_Shyvana,gold_left,Oro sobrante,5.01,2.32,2.69,116.2,0.39,302
TFT16_Fiddlesticks | TFT16_Lucian | TFT16_Shyvana,players_eliminated,Eliminaciones,1.8,0.22,1.58,731.5,1.69,302
TFT16_Fiddlesticks | TFT16_Lucian | TFT16_Shyvana,total_damage_to_players,Daño total,150.68,65.83,84.85,128.9,2.59,302
TFT16_Azir | TFT16_Mel | TFT16_Shyvana,level,Nivel,9.14,8.8,0.34,3.9,0.84,301
TFT16_Azir | TFT16_Mel | TFT16_Shyvana,last_round,Ronda supervivencia,34.98,28.63,6.35,22.2,2.74,301
TFT16_Azir | TFT16_Mel | TFT16_Shyvana,gold_left,Oro sobrante,4.32,3.45,0.86,25.0,0.1,301
TFT16_Azir | TFT16_Mel | TFT16_Shyvana,players_eliminated,Eliminaciones,1.52,0.17,1.35,806.5,1.68,301
TFT16_Azir | TFT16_Mel | TFT16_Shyvana,total_damage_to_players,Daño total,135.14,65.25,69.89,107.1,2.36,301
TFT16_Ambessa | TFT16_Swain | tft16_atakhan,level,Nivel,9.03,8.52,0.51,5.9,0.92,224
TFT16_Ambessa | TFT16_Swain | tft16_atakhan,last_round,Ronda supervivencia,34.76,28.7,6.06,21.1,2.64,224
TFT16_Ambessa | TFT16_Swain | tft16_atakhan,gold_left,Oro sobrante,6.36,7.66,-1.29,-16.9,-0.1,224
TFT16_Ambessa | TFT16_Swain | tft16_atakhan,players_eliminated,Eliminaciones,1.09,0.11,0.98,884.1,1.34,224
TFT16_Ambessa | TFT16_Swain | tft16_atakhan,total_damage_to_players,Daño total,121.33,64.03,57.29,89.5,2.02,224
TFT16_Loris | TFT16_Malzahar | TFT16_Nautilus,level,Nivel,8.19,7.25,0.94,13.0,1.63,210
TFT16_Loris | TFT16_Malzahar | TFT16_Nautilus,last_round,Ronda supervivencia,34.69,28.15,6.55,23.3,2.68,210
TFT16_Loris | TFT16_Malzahar | TFT16_Nautilus,gold_left,Oro sobrante,11.19,5.46,5.73,105.1,0.44,210
TFT16_Loris | TFT16_Malzahar | TFT16_Nautilus,players_eliminated,Eliminaciones,1.4,0.22,1.18,541.6,1.4,210
TFT16_Loris | TFT16_Malzahar | TFT16_Nautilus,total_damage_to_players,Daño total,124.34,58.15,66.2,113.8,2.41,210
TFT16_Kaisa | TFT16_RiftHerald | TFT16_Swain,level,Nivel,9.33,8.6,0.72,8.4,1.21,208
TFT16_Kaisa | TFT16_RiftHerald | TFT16_Swain,last_round,Ronda supervivencia,34.65,29.14,5.51,18.9,2.18,208
TFT16_Kaisa | TFT16_RiftHerald | TFT16_Swain,gold_left,Oro sobrante,5.73,9.26,-3.53,-38.1,-0.26,208
TFT16_Kaisa | TFT16_RiftHerald | TFT16_Swain,players_eliminated,Eliminaciones,1.07,0.16,0.91,553.4,1.15,208
TFT16_Kaisa | TFT16_RiftHerald | TFT16_Swain,total_damage_to_players,Daño total,130.21,72.37,57.84,79.9,1.82,208
TFT16_AurelionSol | TFT16_Seraphine | TFT16_Taric,level,Nivel,9.04,8.49,0.55,6.5,1.03,201
TFT16_AurelionSol | TFT16_Seraphine | TFT16_Taric,last_round,Ronda supervivencia,34.59,28.31,6.28,22.2,2.56,201
TFT16_AurelionSol | TFT16_Seraphine | TFT16_Taric,gold_left,Oro sobrante,6.31,4.92,1.4,28.4,0.12,201
TFT16_AurelionSol | TFT16_Seraphine | TFT16_Taric,players_eliminated,Eliminaciones,1.54,0.14,1.4,994.3,1.82,201
TFT16_AurelionSol | TFT16_Seraphine | TFT16_Taric,total_damage_to_players,Daño total,131.5,61.73,69.77,113.0,2.0,201
TFT16_Ahri | TFT16_Kennen | TFT16_Wukong,level,Nivel,8.58,7.85,0.72,9.2,0.83,194
TFT16_Ahri | TFT16_Kennen | TFT16_Wukong,last_round,Ronda supervivencia,34.66,27.07,7.59,28.0,2.62,194
TFT16_Ahri | TFT16_Kennen | TFT16_Wukong,gold_left,Oro sobrante,7.47,6.1,1.37,22.4,0.12,194
TFT16_Ahri | TFT16_Kennen | TFT16_Wukong,players_eliminated,Eliminaciones,1.55,0.14,1.41,1001.8,1.76,194
TFT16_Ahri | TFT16_Kennen | TFT16_Wukong,total_damage_to_players,Daño total,126.3,52.98,73.32,138.4,2.35,194
TFT16_Bard | TFT16_Neeko | TFT16_Vi,level,Nivel,8.12,7.37,0.75,10.1,1.15,173
TFT16_Bard | TFT16_Neeko | TFT16_Vi,last_round,Ronda supervivencia,34.24,29.02,5.22,18.0,2.21,173
TFT16_Bard | TFT16_Neeko | TFT16_Vi,gold_left,Oro sobrante,8.77,8.11,0.66,8.1,0.04,173
TFT16_Bard | TFT16_Neeko | TFT16_Vi,players_eliminated,Eliminaciones,0.98,0.2,0.78,393.2,1.13,173
TFT16_Bard | TFT16_Neeko | TFT16_Vi,total_damage_to_players,Daño total,108.76,62.31,46.45,74.5,1.49,173
TFT16_Lucian | TFT16_Ornn | TFT16_Shyvana,level,Nivel,9.38,8.9,0.48,5.4,1.18,167
TFT16_Lucian | TFT16_Ornn | TFT16_Shyvana,last_round,Ronda supervivencia,35.21,28.86,6.35,22.0,2.55,167
TFT16_Lucian | TFT16_Ornn | TFT16_Shyvana,gold_left,Oro sobrante,5.36,2.76,2.6,94.4,0.31,167
TFT16_Lucian | TFT16_Ornn | TFT16_Shyvana,players_eliminated,Eliminaciones,1.74,0.1,1.64,1581.2,1.86,167
TFT16_Lucian | TFT16_Ornn | TFT16_Shyvana,total_damage_to_players,Daño total,145.23,69.97,75.27,107.6,2.26,167
TFT16_Swain | TFT16_Wukong | TFT16_Yunara,level,Nivel,8.85,8.39,0.46,5.5,0.94,167
TFT16_Swain | TFT16_Wukong | TFT16_Yunara,last_round,Ronda supervivencia,33.98,27.96,6.02,21.5,2.75,167
TFT16_Swain | TFT16_Wukong | TFT16_Yunara,gold_left,Oro sobrante,5.49,6.38,-0.89,-13.9,-0.09,167
TFT16_Swain | TFT16_Wukong | TFT16_Yunara,players_eliminated,Eliminaciones,1.19,0.12,1.07,921.3,1.34,167
TFT16_Swain | TFT16_Wukong | TFT16_Yunara,total_damage_to_players,Daño total,117.62,59.29,58.33,98.4,2.1,167
TFT16_BelVeth | TFT16_Kaisa | TFT16_RiftHerald,level,Nivel,9.61,8.95,0.66,7.4,0.89,159
TFT16_BelVeth | TFT16_Kaisa | TFT16_RiftHerald,last_round,Ronda supervivencia,34.34,27.78,6.55,23.6,2.67,159
TFT16_BelVeth | TFT16_Kaisa | TFT16_RiftHerald,gold_left,Oro sobrante,4.54,9.06,-4.53,-49.9,-0.4,159
TFT16_BelVeth | TFT16_Kaisa | TFT16_RiftHerald,players_eliminated,Eliminaciones,1.4,0.2,1.2,591.2,1.4,159
TFT16_BelVeth | TFT16_Kaisa | TFT16_RiftHerald,total_damage_to_players,Daño total,118.45,56.71,61.74,108.9,1.77,159
TFT16_Garen | TFT16_Lissandra | TFT16_Lux,level,Nivel,8.67,8.2,0.47,5.8,0.9,157
TFT16_Garen | TFT16_Lissandra | TFT16_Lux,last_round,Ronda supervivencia,33.85,28.16,5.7,20.2,2.65,157
TFT16_Garen | TFT16_Lissandra | TFT16_Lux,gold_left,Oro sobrante,10.41,6.48,3.93,60.7,0.26,157
TFT16_Garen | TFT16_Lissandra | TFT16_Lux,players_eliminated,Eliminaciones,1.34,0.17,1.18,706.6,1.34,157
TFT16_Garen | TFT16_Lissandra | TFT16_Lux,total_damage_to_players,Daño total,123.34,60.84,62.5,102.7,2.14,157
TFT16_Sett | TFT16_Wukong | TFT16_Yone,level,Nivel,8.98,8.49,0.49,5.7,0.8,155
TFT16_Sett | TFT16_Wukong | TFT16_Yone,last_round,Ronda supervivencia,34.97,29.17,5.8,19.9,2.24,155
TFT16_Sett | TFT16_Wukong | TFT16_Yone,gold_left,Oro sobrante,6.54,6.88,-0.34,-4.9,-0.03,155
TFT16_Sett | TFT16_Wukong | TFT16_Yone,players_eliminated,Eliminaciones,1.25,0.27,0.98,360.9,1.12,155
TFT16_Sett | TFT16_Wukong | TFT16_Yone,total_damage_to_players,Daño total,131.49,62.76,68.73,109.5,1.98,155
TFT16_Fiddlesticks | TFT16_Ornn | TFT16_Thresh,level,Nivel,9.16,8.73,0.43,5.0,0.95,155
TFT16_Fiddlesticks | TFT16_Ornn | TFT16_Thresh,last_round,Ronda supervivencia,34.91,30.13,4.78,15.9,2.02,155
TFT16_Fiddlesticks | TFT16_Ornn | TFT16_Thresh,gold_left,Oro sobrante,4.94,7.55,-2.61,-34.5,-0.22,155
TFT16_Fiddlesticks | TFT16_Ornn | TFT16_Thresh,players_eliminated,Eliminaciones,1.2,0.22,0.98,450.0,1.09,155
TFT16_Fiddlesticks | TFT16_Ornn | TFT16_Thresh,total_damage_to_players,Daño total,132.37,69.93,62.44,89.3,1.81,155
TFT16_Ambessa | TFT16_Seraphine | TFT16_Taric,level,Nivel,9.04,8.58,0.46,5.4,0.99,149
TFT16_Ambessa | TFT16_Seraphine | TFT16_Taric,last_round,Ronda supervivencia,34.43,28.31,6.12,21.6,2.41,149
TFT16_Ambessa | TFT16_Seraphine | TFT16_Taric,gold_left,Oro sobrante,3.82,6.58,-2.76,-41.9,-0.26,149
TFT16_Ambessa | TFT16_Seraphine | TFT16_Taric,players_eliminated,Eliminaciones,1.31,0.21,1.1,523.6,1.3,149
TFT16_Ambessa | TFT16_Seraphine | TFT16_Taric,total_damage_to_players,Daño total,131.65,63.06,68.59,108.8,2.26,149
TFT16_Annie | TFT16_AnnieTibbers | TFT16_Azir,level,Nivel,9.3,8.8,0.5,5.7,1.04,137
TFT16_Annie | TFT16_AnnieTibbers | TFT16_Azir,last_round,Ronda supervivencia,34.35,27.73,6.62,23.9,2.68,137
TFT16_Annie | TFT16_AnnieTibbers | TFT16_Azir,gold_left,Oro sobrante,7.37,5.76,1.61,28.0,0.12,137
TFT16_Annie | TFT16_AnnieTibbers | TFT16_Azir,players_eliminated,Eliminaciones,1.13,0.16,0.97,585.8,1.22,137
TFT16_Annie | TFT16_AnnieTibbers | TFT16_Azir,total_damage_to_players,Daño total,117.17,59.86,57.32,95.8,1.89,137
TFT16_Ashe | TFT16_Sejuani | TFT16_Tryndamere,level,Nivel,7.87,7.2,0.67,9.3,0.98,126
TFT16_Ashe | TFT16_Sejuani | TFT16_Tryndamere,last_round,Ronda supervivencia,34.42,28.72,5.7,19.8,2.35,126
TFT16_Ashe | TFT16_Sejuani | TFT16_Tryndamere,gold_left,Oro sobrante,8.35,6.52,1.84,28.2,0.16,126
TFT16_Ashe | TFT16_Sejuani | TFT16_Tryndamere,players_eliminated,Eliminaciones,1.45,0.19,1.26,674.2,1.33,126
TFT16_Ashe | TFT16_Sejuani | TFT16_Tryndamere,total_damage_to_players,Daño total,127.4,64.41,63.0,97.8,1.93,126
TFT16_Azir | TFT16_Ryze | TFT16_Shyvana,level,Nivel,9.27,9.03,0.24,2.6,0.71,125
TFT16_Azir | TFT16_Ryze | TFT16_Shyvana,last_round,Ronda supervivencia,34.59,28.72,5.86,20.4,2.75,125
TFT16_Azir | TFT16_Ryze | TFT16_Shyvana,gold_left,Oro sobrante,6.91,3.96,2.95,74.7,0.39,125
TFT16_Azir | TFT16_Ryze | TFT16_Shyvana,players_eliminated,Eliminaciones,1.55,0.12,1.44,1240.0,1.61,125
TFT16_Azir | TFT16_Ryze | TFT16_Shyvana,total_damage_to_players,Daño total,130.12,65.7,64.43,98.1,2.0,125
TFT16_Galio | TFT16_Ryze | TFT16_Sett,level,Nivel,9.21,9.04,0.18,1.9,0.55,120
TFT16_Galio | TFT16_Ryze | TFT16_Sett,last_round,Ronda supervivencia,34.98,29.26,5.73,19.6,2.12,120
TFT16_Galio | TFT16_Ryze | TFT16_Sett,gold_left,Oro sobrante,5.05,2.17,2.88,132.9,0.37,120
TFT16_Galio | TFT16_Ryze | TFT16_Sett,players_eliminated,Eliminaciones,1.73,0.15,1.58,1065.9,1.7,120
TFT16_Galio | TFT16_Ryze | TFT16_Sett,total_damage_to_players,Daño total,141.09,71.63,69.46,97.0,2.06,120
TFT16_Wukong | TFT16_Yasuo | TFT16_Yone,level,Nivel,8.84,8.02,0.82,10.3,1.27,111
TFT16_Wukong | TFT16_Yasuo | TFT16_Yone,last_round,Ronda supervivencia,34.97,28.21,6.76,23.9,2.69,111
TFT16_Wukong | TFT16_Yasuo | TFT16_Yone,gold_left,Oro sobrante,5.73,14.43,-8.69,-60.2,-0.37,111
TFT16_Wukong | TFT16_Yasuo | TFT16_Yone,players_eliminated,Eliminaciones,1.44,0.13,1.31,1026.0,1.45,111
TFT16_Wukong | TFT16_Yasuo | TFT16_Yone,total_damage_to_players,Daño total,127.16,61.04,66.11,108.3,2.09,111
TFT16_Fizz | TFT16_MissFortune | TFT16_Nautilus,level,Nivel,8.86,8.45,0.41,4.9,0.69,110
TFT16_Fizz | TFT16_MissFortune | TFT16_Nautilus,last_round,Ronda supervivencia,34.05,27.46,6.58,24.0,2.68,110
TFT16_Fizz | TFT16_MissFortune | TFT16_Nautilus,gold_left,Oro sobrante,8.63,11.54,-2.91,-25.2,-0.2,110
TFT16_Fizz | TFT16_MissFortune | TFT16_Nautilus,players_eliminated,Eliminaciones,1.49,0.06,1.43,2393.0,1.67,110
TFT16_Fizz | TFT16_MissFortune | TFT16_Nautilus,total_damage_to_players,Daño total,119.23,50.43,68.8,136.4,2.23,110
TFT16_Galio | TFT16_Garen | TFT16_Lux,level,Nivel,8.86,8.17,0.7,8.5,1.16,104
TFT16_Galio | TFT16_Garen | TFT16_Lux,last_round,Ronda supervivencia,35.36,28.97,6.4,22.1,2.48,104
TFT16_Galio | TFT16_Garen | TFT16_Lux,gold_left,Oro sobrante,3.98,7.83,-3.86,-49.2,-0.38,104
TFT16_Galio | TFT16_Garen | TFT16_Lux,players_eliminated,Eliminaciones,1.55,0.23,1.31,562.3,1.27,104
TFT16_Galio | TFT16_Garen | TFT16_Lux,total_damage_to_players,Daño total,134.09,58.4,75.69,129.6,1.94,104
TFT16_Loris | TFT16_Orianna | TFT16_Vi,level,Nivel,8.83,7.97,0.87,10.9,1.26,98
TFT16_Loris | TFT16_Orianna | TFT16_Vi,last_round,Ronda supervivencia,33.83,25.02,8.81,35.2,3.1,98
TFT16_Loris | TFT16_Orianna | TFT16_Vi,gold_left,Oro sobrante,12.42,15.55,-3.13,-20.1,-0.14,98
TFT16_Loris | TFT16_Orianna | TFT16_Vi,players_eliminated,Eliminaciones,1.83,0.06,1.78,3053.3,2.2,98
TFT16_Loris | TFT16_Orianna | TFT16_Vi,total_damage_to_players,Daño total,112.58,40.73,71.85,176.4,2.49,98
TFT16_MissFortune | TFT16_Nautilus | TFT16_Wukong,level,Nivel,8.79,8.41,0.37,4.4,0.81,98
TFT16_MissFortune | TFT16_Nautilus | TFT16_Wukong,last_round,Ronda supervivencia,33.71,28.11,5.6,19.9,2.75,98
TFT16_MissFortune | TFT16_Nautilus | TFT16_Wukong,gold_left,Oro sobrante,5.25,8.86,-3.61,-40.7,-0.27,98
TFT16_MissFortune | TFT16_Nautilus | TFT16_Wukong,players_eliminated,Eliminaciones,1.18,0.1,1.08,1078.6,1.3,98
TFT16_MissFortune | TFT16_Nautilus | TFT16_Wukong,total_damage_to_players,Daño total,112.25,62.04,50.21,80.9,1.97,98
TFT16_MissFortune | TFT16_Nautilus | TFT16_TahmKench,level,Nivel,9.03,8.4,0.63,7.5,1.31,98
TFT16_MissFortune | TFT16_Nautilus | TFT16_TahmKench,last_round,Ronda supervivencia,34.33,28.28,6.05,21.4,2.69,98
TFT16_MissFortune | TFT16_Nautilus | TFT16_TahmKench,gold_left,Oro sobrante,6.47,8.69,-2.21,-25.5,-0.17,98
TFT16_MissFortune | TFT16_Nautilus | TFT16_TahmKench,players_eliminated,Eliminaciones,1.35,0.24,1.11,459.3,1.39,98
TFT16_MissFortune | TFT16_Nautilus | TFT16_TahmKench,total_damage_to_players,Daño total,124.92,62.41,62.51,100.2,1.94,98
TFT16_Fiddlesticks | TFT16_Kindred | TFT16_Lucian,level,Nivel,9.33,8.94,0.4,4.4,1.04,84
TFT16_Fiddlesticks | TFT16_Kindred | TFT16_Lucian,last_round,Ronda supervivencia,35.81,28.6,7.2,25.2,3.0,84
TFT16_Fiddlesticks | TFT16_Kindred | TFT16_Lucian,gold_left,Oro sobrante,8.22,4.33,3.89,89.7,0.25,84
TFT16_Fiddlesticks | TFT16_Kindred | TFT16_Lucian,players_eliminated,Eliminaciones,1.58,0.21,1.38,660.0,1.53,84
TFT16_Fiddlesticks | TFT16_Kindred | TFT16_Lucian,total_damage_to_players,Daño total,159.81,68.52,91.28,133.2,2.66,84
TFT16_Lissandra | TFT16_Ryze | TFT16_Volibear,level,Nivel,9.31,9.04,0.26,2.9,0.73,83
TFT16_Lissandra | TFT16_Ryze | TFT16_Volibear,last_round,Ronda supervivencia,35.08,29.92,5.17,17.3,2.46,83
TFT16_Lissandra | TFT16_Ryze | TFT16_Volibear,gold_left,Oro sobrante,7.12,3.75,3.37,89.8,0.3,83
TFT16_Lissandra | TFT16_Ryze | TFT16_Volibear,players_eliminated,Eliminaciones,1.29,0.29,1.0,341.6,1.15,83
TFT16_Lissandra | TFT16_Ryze | TFT16_Volibear,total_damage_to_players,Daño total,140.51,77,63.51,82.5,2.36,83
TFT16_Ambessa | TFT16_Fiddlesticks | TFT16_Shyvana,level,Nivel,9.09,8.88,0.21,2.4,0.54,78
TFT16_Ambessa | TFT16_Fiddlesticks | TFT16_Shyvana,last_round,Ronda supervivencia,34.2,29.18,5.02,17.2,2.15,78
TFT16_Ambessa | TFT16_Fiddlesticks | TFT16_Shyvana,gold_left,Oro sobrante,4.64,4.61,0.04,0.8,0.0,78
TFT16_Ambessa | TFT16_Fiddlesticks | TFT16_Shyvana,players_eliminated,Eliminaciones,1.27,0.18,1.08,596.7,1.21,78
TFT16_Ambessa | TFT16_Fiddlesticks | TFT16_Shyvana,total_damage_to_players,Daño total,128.49,67.94,60.55,89.1,1.85,78
TFT16_Aphelios | TFT16_Bard | TFT16_Sion,level,Nivel,8.24,7.23,1.01,14.0,1.32,76
TFT16_Aphelios | TFT16_Bard | TFT16_Sion,last_round,Ronda supervivencia,34.11,27.77,6.34,22.8,2.38,76
TFT16_Aphelios | TFT16_Bard | TFT16_Sion,gold_left,Oro sobrante,9.84,15.62,-5.78,-37.0,-0.37,76
TFT16_Aphelios | TFT16_Bard | TFT16_Sion,players_eliminated,Eliminaciones,1.24,0.1,1.14,1112.2,1.27,76
TFT16_Aphelios | TFT16_Bard | TFT16_Sion,total_damage_to_players,Daño total,108.3,48.33,59.96,124.1,1.8,76
TFT16_Braum | TFT16_Kalista | TFT16_Loris,level,Nivel,8.67,8.39,0.28,3.3,0.55,71
TFT16_Braum | TFT16_Kalista | TFT16_Loris,last_round,Ronda supervivencia,33.67,28.5,5.17,18.1,2.21,71
TFT16_Braum | TFT16_Kalista | TFT16_Loris,gold_left,Oro sobrante,7.41,6.36,1.04,16.4,0.08,71
TFT16_Braum | TFT16_Kalista | TFT16_Loris,players_eliminated,Eliminaciones,1.37,0.14,1.23,904.9,1.79,71
TFT16_Braum | TFT16_Kalista | TFT16_Loris,total_damage_to_players,Daño total,115.56,60.02,55.53,92.5,2.32,71
TFT16_Nidalee | TFT16_Seraphine | TFT16_Skarner,level,Nivel,8.88,8.51,0.36,4.3,0.63,69
TFT16_Nidalee | TFT16_Seraphine | TFT16_Skarner,last_round,Ronda supervivencia,34.79,28.47,6.32,22.2,2.61,69
TFT16_Nidalee | TFT16_Seraphine | TFT16_Skarner,gold_left,Oro sobrante,6.75,6.36,0.39,6.2,0.04,69
TFT16_Nidalee | TFT16_Seraphine | TFT16_Skarner,players_eliminated,Eliminaciones,1.54,0.09,1.45,1634.4,2.33,69
TFT16_Nidalee | TFT16_Seraphine | TFT16_Skarner,total_damage_to_players,Daño total,135.46,52.91,82.55,156.0,2.76,69
TFT16_Sett | TFT16_Taric | TFT16_Wukong,level,Nivel,9.71,9,0.71,7.8,1.59,68
TFT16_Sett | TFT16_Taric | TFT16_Wukong,last_round,Ronda supervivencia,34.79,27.65,7.15,25.9,2.78,68
TFT16_Sett | TFT16_Taric | TFT16_Wukong,gold_left,Oro sobrante,2.97,3.94,-0.97,-24.6,-0.17,68
TFT16_Sett | TFT16_Taric | TFT16_Wukong,players_eliminated,Eliminaciones,1.53,0.15,1.38,940.0,1.52,68
TFT16_Sett | TFT16_Taric | TFT16_Wukong,total_damage_to_players,Daño total,132.97,62.15,70.82,114.0,2.35,68
TFT16_Annie | TFT16_AnnieTibbers | TFT16_Zilean,level,Nivel,9.37,8.92,0.45,5.0,0.84,67
TFT16_Annie | TFT16_AnnieTibbers | TFT16_Zilean,last_round,Ronda supervivencia,34.43,27.08,7.35,27.1,2.66,67
TFT16_Annie | TFT16_AnnieTibbers | TFT16_Zilean,gold_left,Oro sobrante,34.77,4.32,30.44,704.0,0.29,67
TFT16_Annie | TFT16_AnnieTibbers | TFT16_Zilean,players_eliminated,Eliminaciones,1.8,0.08,1.72,2120.0,1.83,67
TFT16_Annie | TFT16_AnnieTibbers | TFT16_Zilean,total_damage_to_players,Daño total,135.5,52.11,83.39,160.0,2.36,67
TFT16_ChoGath | TFT16_Kaisa | TFT16_RiftHerald,level,Nivel,9.38,9.06,0.32,3.6,0.41,65
TFT16_ChoGath | TFT16_Kaisa | TFT16_RiftHerald,last_round,Ronda supervivencia,35.97,28.19,7.77,27.6,2.93,65
TFT16_ChoGath | TFT16_Kaisa | TFT16_RiftHerald,gold_left,Oro sobrante,6.1,3.19,2.91,91.1,0.27,65
TFT16_ChoGath | TFT16_Kaisa | TFT16_RiftHerald,players_eliminated,Eliminaciones,1.28,0.08,1.19,1431.0,1.63,65
TFT16_ChoGath | TFT16_Kaisa | TFT16_RiftHerald,total_damage_to_players,Daño total,145.38,62.58,82.8,132.3,3.28,65
TFT16_Kennen | TFT16_Kobuko | TFT16_Ziggs,level,Nivel,9.25,9,0.25,2.8,0.81,64
TFT16_Kennen | TFT16_Kobuko | TFT16_Ziggs,last_round,Ronda supervivencia,34.08,28.32,5.76,20.3,2.17,64
TFT16_Kennen | TFT16_Kobuko | TFT16_Ziggs,gold_left,Oro sobrante,4.61,7.79,-3.17,-40.8,-0.26,64
TFT16_Kennen | TFT16_Kobuko | TFT16_Ziggs,players_eliminated,Eliminaciones,1.31,0.21,1.09,509.3,1.17,64
TFT16_Kennen | TFT16_Kobuko | TFT16_Ziggs,total_damage_to_players,Daño total,130.17,62.57,67.6,108.0,1.86,64
TFT16_Lissandra | TFT16_Taric | TFT16_Volibear,level,Nivel,9.12,8.49,0.64,7.5,1.12,63
TFT16_Lissandra | TFT16_Taric | TFT16_Volibear,last_round,Ronda supervivencia,34.12,27.66,6.47,23.4,2.69,63
TFT16_Lissandra | TFT16_Taric | TFT16_Volibear,gold_left,Oro sobrante,6.44,10.15,-3.71,-36.6,-0.26,63
TFT16_Lissandra | TFT16_Taric | TFT16_Volibear,players_eliminated,Eliminaciones,1.12,0.23,0.89,380.7,0.97,63
TFT16_Lissandra | TFT16_Taric | TFT16_Volibear,total_damage_to_players,Daño total,117.31,60.49,56.82,93.9,1.76,63
TFT16_Mel | TFT16_Shyvana | TFT16_Sylas,level,Nivel,9.33,9.03,0.3,3.3,0.82,62
TFT16_Mel | TFT16_Shyvana | TFT16_Sylas,last_round,Ronda supervivencia,34.97,29.03,5.94,20.4,2.33,62
TFT16_Mel | TFT16_Shyvana | TFT16_Sylas,gold_left,Oro sobrante,2.76,1.24,1.52,122.1,0.54,62
TFT16_Mel | TFT16_Shyvana | TFT16_Sylas,players_eliminated,Eliminaciones,1.52,0.21,1.31,632.3,1.58,62
TFT16_Mel | TFT16_Shyvana | TFT16_Sylas,total_damage_to_players,Daño total,135.94,68.03,67.9,99.8,2.0,62
TFT16_Kennen | TFT16_Kobuko | TFT16_Teemo,level,Nivel,8.07,7.64,0.43,5.6,0.81,59
TFT16_Kennen | TFT16_Kobuko | TFT16_Teemo,last_round,Ronda supervivencia,33.36,26.62,6.73,25.3,2.24,59
TFT16_Kennen | TFT16_Kobuko | TFT16_Teemo,gold_left,Oro sobrante,14.21,9.42,4.79,50.9,0.26,59
TFT16_Kennen | TFT16_Kobuko | TFT16_Teemo,players_eliminated,Eliminaciones,1.43,0.18,1.25,703.6,1.25,59
TFT16_Kennen | TFT16_Kobuko | TFT16_Teemo,total_damage_to_players,Daño total,85.57,42.27,43.3,102.5,1.46,59
TFT16_Ahri | TFT16_Kennen | TFT16_Yone,level,Nivel,8.6,7.81,0.79,10.1,1.01,58
TFT16_Ahri | TFT16_Kennen | TFT16_Yone,last_round,Ronda supervivencia,34,27.07,6.93,25.6,2.69,58
TFT16_Ahri | TFT16_Kennen | TFT16_Yone,gold_left,Oro sobrante,6.47,8.6,-2.14,-24.8,-0.13,58
TFT16_Ahri | TFT16_Kennen | TFT16_Yone,players_eliminated,Eliminaciones,0.8,0.07,0.73,1046.7,1.22,58
TFT16_Ahri | TFT16_Kennen | TFT16_Yone,total_damage_to_players,Daño total,117.67,51.26,66.41,129.6,2.02,58
TFT16_Annie | TFT16_AnnieTibbers | TFT16_Shyvana,level,Nivel,9.21,8.67,0.55,6.3,0.94,50
TFT16_Annie | TFT16_AnnieTibbers | TFT16_Shyvana,last_round,Ronda supervivencia,33.71,27.64,6.08,22.0,2.42,50
TFT16_Annie | TFT16_AnnieTibbers | TFT16_Shyvana,gold_left,Oro sobrante,7.57,3.39,4.18,123.4,0.42,50
TFT16_Annie | TFT16_AnnieTibbers | TFT16_Shyvana,players_eliminated,Eliminaciones,1.43,0.11,1.32,1185.7,1.21,50
TFT16_Annie | TFT16_AnnieTibbers | TFT16_Shyvana,total_damage_to_players,Daño total,118.36,52.53,65.83,125.3,2.24,50
TFT16_Milio | TFT16_Neeko | TFT16_Nidalee,level,Nivel,9,8.08,0.92,11.4,1.46,49
TFT16_Milio | TFT16_Neeko | TFT16_Nidalee,last_round,Ronda supervivencia,36.09,27,9.09,33.7,3.13,49
TFT16_Milio | TFT16_Neeko | TFT16_Nidalee,gold_left,Oro sobrante,3.45,9.95,-6.49,-65.3,-0.52,49
TFT16_Milio | TFT16_Neeko | TFT16_Nidalee,players_eliminated,Eliminaciones,1.64,0.08,1.56,1972.7,1.59,49
TFT16_Milio | TFT16_Neeko | TFT16_Nidalee,total_damage_to_players,Daño total,126.91,37.74,89.17,236.3,2.92,49
TFT16_Azir | TFT16_Mel | TFT16_Sylas,level,Nivel,9.21,9,0.21,2.4,0.73,49
TFT16_Azir | TFT16_Mel | TFT16_Sylas,last_round,Ronda supervivencia,35.18,29.29,5.89,20.1,2.95,49
TFT16_Azir | TFT16_Mel | TFT16_Sylas,gold_left,Oro sobrante,4.11,1.76,2.35,133.1,0.5,49
TFT16_Azir | TFT16_Mel | TFT16_Sylas,players_eliminated,Eliminaciones,1.43,0.24,1.19,500.0,1.26,49
TFT16_Azir | TFT16_Mel | TFT16_Sylas,total_damage_to_players,Daño total,128.5,65.14,63.36,97.3,2.14,49
TFT16_Azir | TFT16_Mel | TFT16_Ryze,level,Nivel,9.12,9,0.12,1.3,0.5,48
TFT16_Azir | TFT16_Mel | TFT16_Ryze,last_round,Ronda supervivencia,35.35,28.58,6.77,23.7,3.12,48
TFT16_Azir | TFT16_Mel | TFT16_Ryze,gold_left,Oro sobrante,7.18,3.58,3.6,100.4,0.46,48
TFT16_Azir | TFT16_Mel | TFT16_Ryze,players_eliminated,Eliminaciones,1.94,0.03,1.91,5917.6,2.75,48
TFT16_Azir | TFT16_Mel | TFT16_Ryze,total_damage_to_players,Daño total,133.29,66,67.29,102.0,2.22,48
TFT16_Gwen | TFT16_Kalista | TFT16_Loris,level,Nivel,8.8,7.94,0.86,10.9,1.48,47
TFT16_Gwen | TFT16_Kalista | TFT16_Loris,last_round,Ronda supervivencia,32.87,27.16,5.71,21.0,2.35,47
TFT16_Gwen | TFT16_Kalista | TFT16_Loris,gold_left,Oro sobrante,13.07,11.94,1.13,9.5,0.05,47
TFT16_Gwen | TFT16_Kalista | TFT16_Loris,players_eliminated,Eliminaciones,1.2,0.06,1.14,1820.0,1.79,47
TFT16_Gwen | TFT16_Kalista | TFT16_Loris,total_damage_to_players,Daño total,94.8,49.31,45.49,92.2,1.82,47
TFT16_Azir | TFT16_Lucian | TFT16_Ornn,level,Nivel,9.26,9,0.26,2.9,0.49,46
TFT16_Azir | TFT16_Lucian | TFT16_Ornn,last_round,Ronda supervivencia,35.09,27.87,7.22,25.9,2.7,46
TFT16_Azir | TFT16_Lucian | TFT16_Ornn,gold_left,Oro sobrante,10.87,7.48,3.39,45.3,0.17,46
TFT16_Azir | TFT16_Lucian | TFT16_Ornn,players_eliminated,Eliminaciones,1.7,0.09,1.61,1850.0,1.93,46
TFT16_Azir | TFT16_Lucian | TFT16_Ornn,total_damage_to_players,Daño total,145,63.26,81.74,129.2,2.6,46
TFT16_MissFortune | TFT16_TahmKench | TFT16_Wukong,level,Nivel,8.65,8.43,0.22,2.6,0.44,45
TFT16_MissFortune | TFT16_TahmKench | TFT16_Wukong,last_round,Ronda supervivencia,33.35,29.25,4.1,14.0,1.65,45
TFT16_MissFortune | TFT16_TahmKench | TFT16_Wukong,gold_left,Oro sobrante,8.82,5.32,3.5,65.8,0.3,45
TFT16_MissFortune | TFT16_TahmKench | TFT16_Wukong,players_eliminated,Eliminaciones,1,0.21,0.79,366.7,0.97,45
TFT16_MissFortune | TFT16_TahmKench | TFT16_Wukong,total_damage_to_players,Daño total,112.29,72.39,39.9,55.1,1.33,45
TFT16_Azir | TFT16_Lucian | TFT16_Shyvana,level,Nivel,9.25,8.93,0.32,3.5,0.57,43
TFT16_Azir | TFT16_Lucian | TFT16_Shyvana,last_round,Ronda supervivencia,35.43,29.47,5.96,20.2,1.98,43
TFT16_Azir | TFT16_Lucian | TFT16_Shyvana,gold_left,Oro sobrante,3.36,4.07,-0.71,-17.4,-0.1,43
TFT16_Azir | TFT16_Lucian | TFT16_Shyvana,players_eliminated,Eliminaciones,1.86,0.2,1.66,828.6,1.92,43
TFT16_Azir | TFT16_Lucian | TFT16_Shyvana,total_damage_to_players,Daño total,142.79,73.67,69.12,93.8,1.89,43
TFT16_Azir | TFT16_Shyvana | TFT16_Sylas,level,Nivel,9.26,9.09,0.17,1.9,0.44,38
TFT16_Azir | TFT16_Shyvana | TFT16_Sylas,last_round,Ronda supervivencia,34.96,29.91,5.05,16.9,2.18,38
TFT16_Azir | TFT16_Shyvana | TFT16_Sylas,gold_left,Oro sobrante,9.44,6.27,3.17,50.6,0.28,38
TFT16_Azir | TFT16_Shyvana | TFT16_Sylas,players_eliminated,Eliminaciones,1.59,0.27,1.32,484.0,1.5,38
TFT16_Azir | TFT16_Shyvana | TFT16_Sylas,total_damage_to_players,Daño total,139.96,73.82,66.14,89.6,2.23,38
TFT16_Galio | TFT16_Garen | TFT16_Taric,level,Nivel,8.95,8.68,0.26,3.0,0.47,38
TFT16_Galio | TFT16_Garen | TFT16_Taric,last_round,Ronda supervivencia,35.95,28.68,7.26,25.3,2.58,38
TFT16_Galio | TFT16_Garen | TFT16_Taric,gold_left,Oro sobrante,3.63,3.37,0.26,7.8,0.04,38
TFT16_Galio | TFT16_Garen | TFT16_Taric,players_eliminated,Eliminaciones,1.53,0.21,1.32,625.0,1.77,38
TFT16_Galio | TFT16_Garen | TFT16_Taric,total_damage_to_players,Daño total,141.95,69.89,72.05,103.1,2.43,38
TFT16_Lissandra | TFT16_Volibear | TFT16_Zilean,level,Nivel,9.36,8.57,0.79,9.2,1.56,35
TFT16_Lissandra | TFT16_Volibear | TFT16_Zilean,last_round,Ronda supervivencia,34.64,29,5.64,19.5,2.39,35
TFT16_Lissandra | TFT16_Volibear | TFT16_Zilean,gold_left,Oro sobrante,6.57,7.52,-0.95,-12.7,-0.09,35
TFT16_Lissandra | TFT16_Volibear | TFT16_Zilean,players_eliminated,Eliminaciones,1.21,0.14,1.07,750.0,1.46,35
TFT16_Lissandra | TFT16_Volibear | TFT16_Zilean,total_damage_to_players,Daño total,138.79,66.43,72.36,108.9,2.24,35
TFT16_Braum | TFT16_MissFortune | TFT16_Nautilus,level,Nivel,8.8,8.45,0.35,4.2,0.51,34
TFT16_Braum | TFT16_MissFortune | TFT16_Nautilus,last_round,Ronda supervivencia,34.4,27.24,7.16,26.3,2.52,34
TFT16_Braum | TFT16_MissFortune | TFT16_Nautilus,gold_left,Oro sobrante,12.4,7.24,5.16,71.2,0.29,34
TFT16_Braum | TFT16_MissFortune | TFT16_Nautilus,players_eliminated,Eliminaciones,1.6,0.1,1.5,1446.7,1.15,34
TFT16_Braum | TFT16_MissFortune | TFT16_Nautilus,total_damage_to_players,Daño total,134.4,54.28,80.12,147.6,2.4,34
TFT16_Loris | TFT16_Nautilus | TFT16_Seraphine,level,Nivel,9,8.38,0.62,7.5,1.06,34
TFT16_Loris | TFT16_Nautilus | TFT16_Seraphine,last_round,Ronda supervivencia,33.9,28.46,5.44,19.1,2.3,34
TFT16_Loris | TFT16_Nautilus | TFT16_Seraphine,gold_left,Oro sobrante,8.9,2.04,6.86,335.9,0.64,34
TFT16_Loris | TFT16_Nautilus | TFT16_Seraphine,players_eliminated,Eliminaciones,1.3,0.12,1.18,940.0,1.87,34
TFT16_Loris | TFT16_Nautilus | TFT16_Seraphine,total_damage_to_players,Daño total,106.4,61.46,44.94,73.1,1.3,34
TFT16_Kindred | TFT16_Lucian | TFT16_Ornn,level,Nivel,9.17,8.93,0.23,2.6,0.57,33
TFT16_Kindred | TFT16_Lucian | TFT16_Ornn,last_round,Ronda supervivencia,35.61,29.33,6.28,21.4,2.57,33
TFT16_Kindred | TFT16_Lucian | TFT16_Ornn,gold_left,Oro sobrante,7.33,1.07,6.27,587.5,0.67,33
TFT16_Kindred | TFT16_Lucian | TFT16_Ornn,players_eliminated,Eliminaciones,1.61,0.4,1.21,302.8,1.36,33
TFT16_Kindred | TFT16_Lucian | TFT16_Ornn,total_damage_to_players,Daño total,150.61,72.8,77.81,106.9,2.48,33
TFT16_Fiddlesticks | TFT16_Seraphine | TFT16_Thresh,level,Nivel,8.94,8.2,0.74,9.0,1.76,32
TFT16_Fiddlesticks | TFT16_Seraphine | TFT16_Thresh,last_round,Ronda supervivencia,33.65,29.07,4.58,15.8,2.59,32
TFT16_Fiddlesticks | TFT16_Seraphine | TFT16_Thresh,gold_left,Oro sobrante,4.76,8,-3.24,-40.4,-0.36,32
TFT16_Fiddlesticks | TFT16_Seraphine | TFT16_Thresh,players_eliminated,Eliminaciones,0.82,0.47,0.36,76.5,0.44,32
TFT16_Fiddlesticks | TFT16_Seraphine | TFT16_Thresh,total_damage_to_players,Daño total,121.18,66.13,55.04,83.2,2.24,32
TFT16_Mel | TFT16_Shyvana | TFT16_Taric,level,Nivel,9,8.37,0.63,7.5,1.03,32
TFT16_Mel | TFT16_Shyvana | TFT16_Taric,last_round,Ronda supervivencia,34.2,28.22,5.98,21.2,2.54,32
TFT16_Mel | TFT16_Shyvana | TFT16_Taric,gold_left,Oro sobrante,2.6,7.67,-5.07,-66.1,-0.52,32
TFT16_Mel | TFT16_Shyvana | TFT16_Taric,players_eliminated,Eliminaciones,1,0.07,0.93,1250.0,1.27,32
TFT16_Mel | TFT16_Shyvana | TFT16_Taric,total_damage_to_players,Daño total,126,62.07,63.93,103.0,2.23,32
TFT16_Loris | TFT16_Nautilus,level,Nivel,9.29,7.8,1.49,19.0,1.96,32
TFT16_Loris | TFT16_Nautilus,last_round,Ronda supervivencia,34.29,26.96,7.33,27.2,2.52,32
TFT16_Loris | TFT16_Nautilus,gold_left,Oro sobrante,1.29,10.76,-9.47,-88.1,-0.81,32
TFT16_Loris | TFT16_Nautilus,players_eliminated,Eliminaciones,1,0.04,0.96,2400.0,1.16,32
TFT16_Loris | TFT16_Nautilus,total_damage_to_players,Daño total,115.14,53.56,61.58,115.0,2.24,32
TFT16_DrMundo | TFT16_Jinx | TFT16_Warwick,level,Nivel,8.64,8.22,0.41,5.0,0.66,31
TFT16_DrMundo | TFT16_Jinx | TFT16_Warwick,last_round,Ronda supervivencia,34.5,30.33,4.17,13.7,1.86,31
TFT16_DrMundo | TFT16_Jinx | TFT16_Warwick,gold_left,Oro sobrante,11.55,5.22,6.32,121.1,0.45,31
TFT16_DrMundo | TFT16_Jinx | TFT16_Warwick,players_eliminated,Eliminaciones,0.95,0.22,0.73,329.5,0.99,31
TFT16_DrMundo | TFT16_Jinx | TFT16_Warwick,total_damage_to_players,Daño total,131.14,76,55.14,72.5,1.84,31
TFT16_Braum | TFT16_Loris | TFT16_Vi,level,Nivel,8.78,8.25,0.53,6.4,0.71,29
TFT16_Braum | TFT16_Loris | TFT16_Vi,last_round,Ronda supervivencia,34.67,26.7,7.97,29.8,3.77,29
TFT16_Braum | TFT16_Loris | TFT16_Vi,gold_left,Oro sobrante,3.22,8.6,-5.38,-62.5,-0.48,29
TFT16_Braum | TFT16_Loris | TFT16_Vi,players_eliminated,Eliminaciones,1,0,1,0,1.41,29
TFT16_Braum | TFT16_Loris | TFT16_Vi,total_damage_to_players,Daño total,128.78,50.4,78.38,155.5,2.79,29
TFT16_Lissandra | TFT16_Ryze | TFT16_Taric,level,Nivel,9.22,9.11,0.12,1.3,0.31,28
TFT16_Lissandra | TFT16_Ryze | TFT16_Taric,last_round,Ronda supervivencia,35.78,28.47,7.3,25.7,2.45,28
TFT16_Lissandra | TFT16_Ryze | TFT16_Taric,gold_left,Oro sobrante,4.78,2.42,2.36,97.3,0.44,28
TFT16_Lissandra | TFT16_Ryze | TFT16_Taric,players_eliminated,Eliminaciones,1.78,0.16,1.62,1025.9,1.55,28
TFT16_Lissandra | TFT16_Ryze | TFT16_Taric,total_damage_to_players,Daño total,130.33,67.26,63.07,93.8,1.26,28
TFT16_Ornn | TFT16_Volibear | TFT16_Zilean,level,Nivel,9.6,8.92,0.68,7.6,1.66,28
TFT16_Ornn | TFT16_Volibear | TFT16_Zilean,last_round,Ronda supervivencia,34.87,29.23,5.64,19.3,2.49,28
TFT16_Ornn | TFT16_Volibear | TFT16_Zilean,gold_left,Oro sobrante,4.87,5.69,-0.83,-14.5,-0.11,28
TFT16_Ornn | TFT16_Volibear | TFT16_Zilean,players_eliminated,Eliminaciones,1.87,0.31,1.56,506.7,1.53,28
TFT16_Ornn | TFT16_Volibear | TFT16_Zilean,total_damage_to_players,Daño total,134.73,69.92,64.81,92.7,2.01,28
TFT16_Fiddlesticks | TFT16_Kindred | TFT16_Shyvana,level,Nivel,9.38,8.92,0.46,5.1,0.8,28
TFT16_Fiddlesticks | TFT16_Kindred | TFT16_Shyvana,last_round,Ronda supervivencia,34.38,28.33,6.04,21.3,2.39,28
TFT16_Fiddlesticks | TFT16_Kindred | TFT16_Shyvana,gold_left,Oro sobrante,5.88,7,-1.12,-16.1,-0.12,28
TFT16_Fiddlesticks | TFT16_Kindred | TFT16_Shyvana,players_eliminated,Eliminaciones,1.12,0.08,1.04,1250.0,1.47,28
TFT16_Fiddlesticks | TFT16_Kindred | TFT16_Shyvana,total_damage_to_players,Daño total,131.81,63.08,68.73,108.9,1.78,28
TFT16_Lucian | TFT16_Ornn | TFT16_THex,level,Nivel,9.5,8.75,0.75,8.6,1.53,26
TFT16_Lucian | TFT16_Ornn | TFT16_THex,last_round,Ronda supervivencia,36.6,28.69,7.91,27.6,2.92,26
TFT16_Lucian | TFT16_Ornn | TFT16_THex,gold_left,Oro sobrante,1.3,7,-5.7,-81.4,-0.77,26
TFT16_Lucian | TFT16_Ornn | TFT16_THex,players_eliminated,Eliminaciones,1.9,0.31,1.59,508.0,1.74,26
TFT16_Lucian | TFT16_Ornn | TFT16_THex,total_damage_to_players,Daño total,154.3,61.06,93.24,152.7,2.76,26
TFT16_Azir | TFT16_Brock | TFT16_Ryze,level,Nivel,9.37,9,0.37,4.1,1.05,26
TFT16_Azir | TFT16_Brock | TFT16_Ryze,last_round,Ronda supervivencia,35.63,29.14,6.49,22.3,2.75,26
TFT16_Azir | TFT16_Brock | TFT16_Ryze,gold_left,Oro sobrante,6.47,3.57,2.9,81.3,0.43,26
TFT16_Azir | TFT16_Brock | TFT16_Ryze,players_eliminated,Eliminaciones,1.84,0.29,1.56,544.7,1.63,26
TFT16_Azir | TFT16_Brock | TFT16_Ryze,total_damage_to_players,Daño total,134.89,63.14,71.75,113.6,2.28,26
TFT16_Garen | TFT16_Swain | TFT16_Taric,level,Nivel,8,8.38,-0.38,-4.5,-0.92,25
TFT16_Garen | TFT16_Swain | TFT16_Taric,last_round,Ronda supervivencia,33,26.38,6.62,25.1,4.04,25
TFT16_Garen | TFT16_Swain | TFT16_Taric,gold_left,Oro sobrante,0,6.17,-6.17,-100.0,-0.73,25
TFT16_Garen | TFT16_Swain | TFT16_Taric,players_eliminated,Eliminaciones,0,0.04,-0.04,-100.0,-0.29,25
TFT16_Garen | TFT16_Swain | TFT16_Taric,total_damage_to_players,Daño total,87,47.96,39.04,81.4,2.98,25
TFT16_Darius | TFT16_Draven | tft16_atakhan,level,Nivel,8.71,8.12,0.6,7.3,0.86,24
TFT16_Darius | TFT16_Draven | tft16_atakhan,last_round,Ronda supervivencia,34.43,28.53,5.9,20.7,2.74,24
TFT16_Darius | TFT16_Draven | tft16_atakhan,gold_left,Oro sobrante,1.86,16.24,-14.38,-88.6,-1.11,24
TFT16_Darius | TFT16_Draven | tft16_atakhan,players_eliminated,Eliminaciones,1.57,0.06,1.51,2571.4,1.51,24
TFT16_Darius | TFT16_Draven | tft16_atakhan,total_damage_to_players,Daño total,147,61.65,85.35,138.5,2.75,24
TFT16_Lux | TFT16_Swain | TFT16_Taric,level,Nivel,9.12,8.56,0.56,6.6,0.97,24
TFT16_Lux | TFT16_Swain | TFT16_Taric,last_round,Ronda supervivencia,34.38,28.75,5.62,19.6,1.86,24
TFT16_Lux | TFT16_Swain | TFT16_Taric,gold_left,Oro sobrante,3.12,5.94,-2.81,-47.4,-0.21,24
TFT16_Lux | TFT16_Swain | TFT16_Taric,players_eliminated,Eliminaciones,1.62,0.38,1.25,333.3,1.83,24
TFT16_Lux | TFT16_Swain | TFT16_Taric,total_damage_to_players,Daño total,130.25,67.81,62.44,92.1,1.93,24
TFT16_Annie | TFT16_AnnieTibbers | TFT16_Taric,level,Nivel,9.25,8.5,0.75,8.8,1.33,22
TFT16_Annie | TFT16_AnnieTibbers | TFT16_Taric,last_round,Ronda supervivencia,33,26.39,6.61,25.1,2.8,22
TFT16_Annie | TFT16_AnnieTibbers | TFT16_Taric,gold_left,Oro sobrante,1.5,7.56,-6.06,-80.1,-0.52,22
TFT16_Annie | TFT16_AnnieTibbers | TFT16_Taric,players_eliminated,Eliminaciones,0.5,0.06,0.44,800.0,0.61,22
TFT16_Annie | TFT16_AnnieTibbers | TFT16_Taric,total_damage_to_players,Daño total,115,40.67,74.33,182.8,3.75,22
TFT16_Kindred | TFT16_Singed | TFT16_Warwick,level,Nivel,8.92,8.33,0.59,7.1,0.97,22
TFT16_Kindred | TFT16_Singed | TFT16_Warwick,last_round,Ronda supervivencia,34.54,29,5.54,19.1,2.53,22
TFT16_Kindred | TFT16_Singed | TFT16_Warwick,gold_left,Oro sobrante,5.08,6.11,-1.03,-16.9,-0.12,22
TFT16_Kindred | TFT16_Singed | TFT16_Warwick,players_eliminated,Eliminaciones,0.77,0.22,0.55,246.2,0.75,22
TFT16_Kindred | TFT16_Singed | TFT16_Warwick,total_damage_to_players,Daño total,127,68.33,58.67,85.9,2.34,22
TFT16_Galio | TFT16_Garen | TFT16_Zilean,level,Nivel,9.45,8.56,0.9,10.5,1.71,20
TFT16_Galio | TFT16_Garen | TFT16_Zilean,last_round,Ronda supervivencia,34.91,27.89,7.02,25.2,2.68,20
TFT16_Galio | TFT16_Garen | TFT16_Zilean,gold_left,Oro sobrante,6.45,15.89,-9.43,-59.4,-0.55,20
TFT16_Galio | TFT16_Garen | TFT16_Zilean,players_eliminated,Eliminaciones,2.09,0.11,1.98,1781.8,4.42,20
TFT16_Galio | TFT16_Garen | TFT16_Zilean,total_damage_to_players,Daño total,142.45,55.11,87.34,158.5,2.79,20
TFT16_Singed | TFT16_Warwick | TFT16_Wukong,level,Nivel,9,8.57,0.43,5.0,1.13,19
TFT16_Singed | TFT16_Warwick | TFT16_Wukong,last_round,Ronda supervivencia,34.17,28.86,5.31,18.4,2.45,19
TFT16_Singed | TFT16_Warwick | TFT16_Wukong,gold_left,Oro sobrante,1.75,7.57,-5.82,-76.9,-0.64,19
TFT16_Singed | TFT16_Warwick | TFT16_Wukong,players_eliminated,Eliminaciones,1.17,0.14,1.02,716.7,1.23,19
TFT16_Singed | TFT16_Warwick | TFT16_Wukong,total_damage_to_players,Daño total,130.08,73.43,56.65,77.2,1.79,19
TFT16_Ambessa | TFT16_Braum | TFT16_Kalista,level,Nivel,8.75,8.14,0.61,7.5,1.39,18
TFT16_Ambessa | TFT16_Braum | TFT16_Kalista,last_round,Ronda supervivencia,32.75,27.93,4.82,17.3,1.72,18
TFT16_Ambessa | TFT16_Braum | TFT16_Kalista,gold_left,Oro sobrante,0.25,8.14,-7.89,-96.9,-0.87,18
TFT16_Ambessa | TFT16_Braum | TFT16_Kalista,players_eliminated,Eliminaciones,1.25,0.14,1.11,775.0,1.2,18
TFT16_Ambessa | TFT16_Braum | TFT16_Kalista,total_damage_to_players,Daño total,120.75,59.14,61.61,104.2,1.76,18
TFT16_Lissandra | TFT16_Volibear | TFT16_Wukong,level,Nivel,9.2,8.17,1.03,12.7,2.46,17
TFT16_Lissandra | TFT16_Volibear | TFT16_Wukong,last_round,Ronda supervivencia,34.8,26.67,8.13,30.5,3.96,17
TFT16_Lissandra | TFT16_Volibear | TFT16_Wukong,gold_left,Oro sobrante,3.2,11.25,-8.05,-71.6,-0.74,17
TFT16_Lissandra | TFT16_Volibear | TFT16_Wukong,players_eliminated,Eliminaciones,1,0.08,0.92,1100.0,1.03,17
TFT16_Lissandra | TFT16_Volibear | TFT16_Wukong,total_damage_to_players,Daño total,135,45.42,89.58,197.2,3.13,17
TFT16_Braum | TFT16_Jinx | TFT16_Sejuani,level,Nivel,8.33,8,0.33,4.2,0.51,17
TFT16_Braum | TFT16_Jinx | TFT16_Sejuani,last_round,Ronda supervivencia,33.33,28.18,5.15,18.3,2.15,17
TFT16_Braum | TFT16_Jinx | TFT16_Sejuani,gold_left,Oro sobrante,4,11.82,-7.82,-66.2,-0.58,17
TFT16_Braum | TFT16_Jinx | TFT16_Sejuani,players_eliminated,Eliminaciones,0.83,0.09,0.74,816.7,1.29,17
TFT16_Braum | TFT16_Jinx | TFT16_Sejuani,total_damage_to_players,Daño total,109.17,61.36,47.8,77.9,1.85,17
TFT16_Mel | TFT16_Ryze | TFT16_Taric,level,Nivel,9.17,9,0.17,1.9,0.58,16
TFT16_Mel | TFT16_Ryze | TFT16_Taric,last_round,Ronda supervivencia,33.83,28.2,5.63,20.0,2.09,16
TFT16_Mel | TFT16_Ryze | TFT16_Taric,gold_left,Oro sobrante,12.17,1.1,11.07,1006.1,0.66,16
TFT16_Mel | TFT16_Ryze | TFT16_Taric,players_eliminated,Eliminaciones,1.5,0.1,1.4,1400.0,1.81,16
TFT16_Mel | TFT16_Ryze | TFT16_Taric,total_damage_to_players,Daño total,145.83,65.7,80.13,122.0,2.4,16
TFT16_Kindred | TFT16_Sett | TFT16_Wukong,level,Nivel,9,8.43,0.57,6.8,1.1,16
TFT16_Kindred | TFT16_Sett | TFT16_Wukong,last_round,Ronda supervivencia,33.89,28.86,5.03,17.4,3.35,16
TFT16_Kindred | TFT16_Sett | TFT16_Wukong,gold_left,Oro sobrante,9.11,7.71,1.4,18.1,0.08,16
TFT16_Kindred | TFT16_Sett | TFT16_Wukong,players_eliminated,Eliminaciones,1.67,0.14,1.52,1066.7,1.33,16
TFT16_Kindred | TFT16_Sett | TFT16_Wukong,total_damage_to_players,Daño total,133.33,68.43,64.9,94.9,2.37,16
TFT16_Atakhan | TFT16_Darius | TFT16_Draven,level,Nivel,9,8.31,0.69,8.3,1.03,15
TFT16_Atakhan | TFT16_Darius | TFT16_Draven,last_round,Ronda supervivencia,33.5,27,6.5,24.1,2.02,15
TFT16_Atakhan | TFT16_Darius | TFT16_Draven,gold_left,Oro sobrante,2,8.46,-6.46,-76.4,-0.63,15
TFT16_Atakhan | TFT16_Darius | TFT16_Draven,players_eliminated,Eliminaciones,1,0.23,0.77,333.3,2.48,15
TFT16_Atakhan | TFT16_Darius | TFT16_Draven,total_damage_to_players,Daño total,120.5,58.08,62.42,107.5,2.83,15
TFT16_Azir | TFT16_Fiddlesticks | TFT16_Ornn,level,Nivel,9,8.8,0.2,2.3,0.67,15
TFT16_Azir | TFT16_Fiddlesticks | TFT16_Ornn,last_round,Ronda supervivencia,35,28.4,6.6,23.2,3.29,15
TFT16_Azir | TFT16_Fiddlesticks | TFT16_Ornn,gold_left,Oro sobrante,6.8,5.7,1.1,19.3,0.13,15
TFT16_Azir | TFT16_Fiddlesticks | TFT16_Ornn,players_eliminated,Eliminaciones,1.2,0.1,1.1,1100.0,1.36,15
TFT16_Azir | TFT16_Fiddlesticks | TFT16_Ornn,total_damage_to_players,Daño total,112.6,57,55.6,97.5,1.56,15
TFT16_Darius | TFT16_Draven | TFT16_Sejuani,level,Nivel,8.17,7.89,0.28,3.5,0.28,15
TFT16_Darius | TFT16_Draven | TFT16_Sejuani,last_round,Ronda supervivencia,31.33,28.11,3.22,11.5,0.46,15
TFT16_Darius | TFT16_Draven | TFT16_Sejuani,gold_left,Oro sobrante,9.67,9.33,0.33,3.6,0.02,15
TFT16_Darius | TFT16_Draven | TFT16_Sejuani,players_eliminated,Eliminaciones,1.17,0.22,0.94,425.0,0.9,15
TFT16_Darius | TFT16_Draven | TFT16_Sejuani,total_damage_to_players,Daño total,102.83,53.11,49.72,93.6,1.45,15
TFT16_Braum | TFT16_Lissandra | TFT16_Volibear,level,Nivel,9.25,8.36,0.89,10.6,1.76,15
TFT16_Braum | TFT16_Lissandra | TFT16_Volibear,last_round,Ronda supervivencia,34.5,27.73,6.77,24.4,4.28,15
TFT16_Braum | TFT16_Lissandra | TFT16_Volibear,gold_left,Oro sobrante,5.25,7.73,-2.48,-32.1,-0.3,15
TFT16_Braum | TFT16_Lissandra | TFT16_Volibear,players_eliminated,Eliminaciones,0.75,0,0.75,0,1.11,15
TFT16_Braum | TFT16_Lissandra | TFT16_Volibear,total_damage_to_players,Daño total,133,55.91,77.09,137.9,4.55,15
TFT16_Ahri | TFT16_Kennen | TFT16_Yasuo,level,Nivel,9,7.17,1.83,25.6,1.58,14
TFT16_Ahri | TFT16_Kennen | TFT16_Yasuo,last_round,Ronda supervivencia,32,21.25,10.75,50.6,2.57,14
TFT16_Ahri | TFT16_Kennen | TFT16_Yasuo,gold_left,Oro sobrante,0.5,13.25,-12.75,-96.2,-0.92,14
TFT16_Ahri | TFT16_Kennen | TFT16_Yasuo,players_eliminated,Eliminaciones,1,0.08,0.92,1100.0,0.9,14
TFT16_Ahri | TFT16_Kennen | TFT16_Yasuo,total_damage_to_players,Daño total,70,26.75,43.25,161.7,1.17,14
TFT16_Ahri | TFT16_Kennen | TFT16_Neeko,level,Nivel,7,7.54,-0.54,-7.1,-0.79,14
TFT16_Ahri | TFT16_Kennen | TFT16_Neeko,last_round,Ronda supervivencia,33,26.54,6.46,24.3,2.42,14
TFT16_Ahri | TFT16_Kennen | TFT16_Neeko,gold_left,Oro sobrante,25,5.85,19.15,327.6,3.4,14
TFT16_Ahri | TFT16_Kennen | TFT16_Neeko,players_eliminated,Eliminaciones,0,0.15,-0.15,-100.0,-0.58,14
TFT16_Ahri | TFT16_Kennen | TFT16_Neeko,total_damage_to_players,Daño total,96,48.77,47.23,96.8,2.14,14
TFT16_Azir | TFT16_Ryze | TFT16_Sett,level,Nivel,9.5,9.12,0.38,4.1,0.81,14
TFT16_Azir | TFT16_Ryze | TFT16_Sett,last_round,Ronda supervivencia,34.33,28.88,5.46,18.9,1.63,14
TFT16_Azir | TFT16_Ryze | TFT16_Sett,gold_left,Oro sobrante,13.5,3.12,10.38,332.0,1.1,14
TFT16_Azir | TFT16_Ryze | TFT16_Sett,players_eliminated,Eliminaciones,2,0.25,1.75,700.0,1.53,14
TFT16_Azir | TFT16_Ryze | TFT16_Sett,total_damage_to_players,Daño total,144.17,64.5,79.67,123.5,1.88,14
TFT16_Fiddlesticks | TFT16_Kindred | TFT16_Sylas,level,Nivel,9.1,9,0.1,1.1,0.45,13
TFT16_Fiddlesticks | TFT16_Kindred | TFT16_Sylas,last_round,Ronda supervivencia,34,28,6,21.4,2.6,13
TFT16_Fiddlesticks | TFT16_Kindred | TFT16_Sylas,gold_left,Oro sobrante,8.8,1,7.8,780.0,0.97,13
TFT16_Fiddlesticks | TFT16_Kindred | TFT16_Sylas,players_eliminated,Eliminaciones,1.5,0,1.5,0,1.67,13
TFT16_Fiddlesticks | TFT16_Kindred | TFT16_Sylas,total_damage_to_players,Daño total,127.7,61,66.7,109.3,2.57,13
TFT16_Aphelios | TFT16_Neeko | TFT16_Vi,level,Nivel,8.2,8.29,-0.09,-1.0,-0.18,12
TFT16_Aphelios | TFT16_Neeko | TFT16_Vi,last_round,Ronda supervivencia,33,27.29,5.71,20.9,1.58,12
TFT16_Aphelios | TFT16_Neeko | TFT16_Vi,gold_left,Oro sobrante,3.4,17.86,-14.46,-81.0,-0.71,12
TFT16_Aphelios | TFT16_Neeko | TFT16_Vi,players_eliminated,Eliminaciones,0.6,0.14,0.46,320.0,0.97,12
TFT16_Aphelios | TFT16_Neeko | TFT16_Vi,total_damage_to_players,Daño total,94,46.43,47.57,102.5,1.62,12
TFT16_Lucian | TFT16_MissFortune | TFT16_TahmKench,level,Nivel,9.25,8.5,0.75,8.8,1.43,12
TFT16_Lucian | TFT16_MissFortune | TFT16_TahmKench,last_round,Ronda supervivencia,36,28.75,7.25,25.2,2.93,12
TFT16_Lucian | TFT16_MissFortune | TFT16_TahmKench,gold_left,Oro sobrante,2.88,8.75,-5.88,-67.1,-0.69,12
TFT16_Lucian | TFT16_MissFortune | TFT16_TahmKench,players_eliminated,Eliminaciones,0.88,0.25,0.62,250.0,0.91,12
TFT16_Lucian | TFT16_MissFortune | TFT16_TahmKench,total_damage_to_players,Daño total,140.62,74.25,66.38,89.4,1.83,12
TFT16_Azir | TFT16_Lissandra | TFT16_Seraphine,level,Nivel,9.4,8.57,0.83,9.7,1.53,12
TFT16_Azir | TFT16_Lissandra | TFT16_Seraphine,last_round,Ronda supervivencia,35,27.29,7.71,28.3,4.43,12
TFT16_Azir | TFT16_Lissandra | TFT16_Seraphine,gold_left,Oro sobrante,1,9.29,-8.29,-89.2,-0.75,12
TFT16_Azir | TFT16_Lissandra | TFT16_Seraphine,players_eliminated,Eliminaciones,1.6,0,1.6,0,4.13,12
TFT16_Azir | TFT16_Lissandra | TFT16_Seraphine,total_damage_to_players,Daño total,159,65.86,93.14,141.4,2.96,12
TFT16_RiftHerald | TFT16_Volibear | TFT16_Wukong,level,Nivel,9.57,8.5,1.07,12.6,1.93,11
TFT16_RiftHerald | TFT16_Volibear | TFT16_Wukong,last_round,Ronda supervivencia,34.29,28.25,6.04,21.4,2.24,11
TFT16_RiftHerald | TFT16_Volibear | TFT16_Wukong,gold_left,Oro sobrante,1.57,9.25,-7.68,-83.0,-0.83,11
TFT16_RiftHerald | TFT16_Volibear | TFT16_Wukong,players_eliminated,Eliminaciones,1.43,0,1.43,0,2.07,11
TFT16_RiftHerald | TFT16_Volibear | TFT16_Wukong,total_damage_to_players,Daño total,131.57,58.75,72.82,124.0,2.31,11
TFT16_Annie | TFT16_AnnieTibbers | TFT16_Lux,level,Nivel,8,8.44,-0.44,-5.3,-0.42,11
TFT16_Annie | TFT16_AnnieTibbers | TFT16_Lux,last_round,Ronda supervivencia,25,26.33,-1.33,-5.1,-0.16,11
TFT16_Annie | TFT16_AnnieTibbers | TFT16_Lux,gold_left,Oro sobrante,38.5,6.78,31.72,468.0,1.96,11
TFT16_Annie | TFT16_AnnieTibbers | TFT16_Lux,players_eliminated,Eliminaciones,0,0.11,-0.11,-100.0,-0.47,11
TFT16_Annie | TFT16_AnnieTibbers | TFT16_Lux,total_damage_to_players,Daño total,83,36.33,46.67,128.4,1.49,11
TFT16_Ahri | TFT16_Kennen | TFT16_Kobuko,level,Nivel,9,7.43,1.57,21.2,1.37,11
TFT16_Ahri | TFT16_Kennen | TFT16_Kobuko,last_round,Ronda supervivencia,33.25,27.86,5.39,19.4,2.69,11
TFT16_Ahri | TFT16_Kennen | TFT16_Kobuko,gold_left,Oro sobrante,16.25,3,13.25,441.7,0.76,11
TFT16_Ahri | TFT16_Kennen | TFT16_Kobuko,players_eliminated,Eliminaciones,1.25,0.14,1.11,775.0,1.19,11
TFT16_Ahri | TFT16_Kennen | TFT16_Kobuko,total_damage_to_players,Daño total,121.25,49,72.25,147.4,2.32,11
TFT16_Fizz | TFT16_Kennen | TFT16_Veigar,level,Nivel,8.83,8.4,0.43,5.2,0.9,11
TFT16_Fizz | TFT16_Kennen | TFT16_Veigar,last_round,Ronda supervivencia,33.17,28.6,4.57,16.0,2.23,11
TFT16_Fizz | TFT16_Kennen | TFT16_Veigar,gold_left,Oro sobrante,1.83,1.4,0.43,31.0,0.19,11
TFT16_Fizz | TFT16_Kennen | TFT16_Veigar,players_eliminated,Eliminaciones,0.83,0,0.83,0,1.57,11
TFT16_Fizz | TFT16_Kennen | TFT16_Veigar,total_damage_to_players,Daño total,110,61.6,48.4,78.6,1.56,11
TFT16_Aatrox | TFT16_Ambessa | TFT16_BelVeth,level,Nivel,8.6,8.33,0.27,3.2,0.5,11
TFT16_Aatrox | TFT16_Ambessa | TFT16_BelVeth,last_round,Ronda supervivencia,36.6,29.83,6.77,22.7,2.66,11
TFT16_Aatrox | TFT16_Ambessa | TFT16_BelVeth,gold_left,Oro sobrante,5.2,13.67,-8.47,-62.0,-0.68,11
TFT16_Aatrox | TFT16_Ambessa | TFT16_BelVeth,players_eliminated,Eliminaciones,1.6,0.33,1.27,380.0,1.48,11
TFT16_Aatrox | TFT16_Ambessa | TFT16_BelVeth,total_damage_to_players,Daño total,143.2,64.67,78.53,121.4,2.02,11
TFT16_Kennen | TFT16_Veigar | TFT16_Ziggs,level,Nivel,9,9,0,0.0,0,10
TFT16_Kennen | TFT16_Veigar | TFT16_Ziggs,last_round,Ronda supervivencia,33.88,29,4.88,16.8,1.89,10
TFT16_Kennen | TFT16_Veigar | TFT16_Ziggs,gold_left,Oro sobrante,7.88,7.5,0.38,5.0,0.04,10
TFT16_Kennen | TFT16_Veigar | TFT16_Ziggs,players_eliminated,Eliminaciones,1.25,0,1.25,0,1.71,10
TFT16_Kennen | TFT16_Veigar | TFT16_Ziggs,total_damage_to_players,Daño total,115.25,71.5,43.75,61.2,1.42,10
TFT16_Fiddlesticks | TFT16_Mel | TFT16_Shyvana,level,Nivel,9.17,8.75,0.42,4.8,0.91,10
TFT16_Fiddlesticks | TFT16_Mel | TFT16_Shyvana,last_round,Ronda supervivencia,34.17,28.5,5.67,19.9,2.36,10
TFT16_Fiddlesticks | TFT16_Mel | TFT16_Shyvana,gold_left,Oro sobrante,1.17,2,-0.83,-41.7,-0.46,10
TFT16_Fiddlesticks | TFT16_Mel | TFT16_Shyvana,players_eliminated,Eliminaciones,0.83,0,0.83,0,1.57,10
TFT16_Fiddlesticks | TFT16_Mel | TFT16_Shyvana,total_damage_to_players,Daño total,111.5,73.5,38.0,51.7,1.8,10
TFT16_Braum | TFT16_Lissandra | TFT16_Taric,level,Nivel,9,8.44,0.56,6.6,1.49,10
TFT16_Braum | TFT16_Lissandra | TFT16_Taric,last_round,Ronda supervivencia,34,26,8,30.8,3.2,10
TFT16_Braum | TFT16_Lissandra | TFT16_Taric,gold_left,Oro sobrante,0,2.11,-2.11,-100.0,-0.72,10
TFT16_Braum | TFT16_Lissandra | TFT16_Taric,players_eliminated,Eliminaciones,1,0.11,0.89,800.0,3.77,10
TFT16_Braum | TFT16_Lissandra | TFT16_Taric,total_damage_to_players,Daño total,118,42.67,75.33,176.6,3.78,10
TFT16_Lissandra | TFT16_Seraphine | TFT16_Taric,level,Nivel,10,8.5,1.5,17.6,3.97,10
TFT16_Lissandra | TFT16_Seraphine | TFT16_Taric,last_round,Ronda supervivencia,34,28.25,5.75,20.4,3.42,10
TFT16_Lissandra | TFT16_Seraphine | TFT16_Taric,gold_left,Oro sobrante,4.5,0.88,3.62,414.3,1.0,10
TFT16_Lissandra | TFT16_Seraphine | TFT16_Taric,players_eliminated,Eliminaciones,1.5,0,1.5,0,3.0,10
TFT16_Lissandra | TFT16_Seraphine | TFT16_Taric,total_damage_to_players,Daño total,96.5,58.25,38.25,65.7,1.53,10
TFT16_Singed | TFT16_Swain | TFT16_Warwick,level,Nivel,9,8.4,0.6,7.1,0.95,10
TFT16_Singed | TFT16_Swain | TFT16_Warwick,last_round,Ronda supervivencia,34,26.6,7.4,27.8,4.78,10
TFT16_Singed | TFT16_Swain | TFT16_Warwick,gold_left,Oro sobrante,11.2,7.2,4.0,55.6,0.36,10
TFT16_Singed | TFT16_Swain | TFT16_Warwick,players_eliminated,Eliminaciones,1,0,1,0,2.0,10
TFT16_Singed | TFT16_Swain | TFT16_Warwick,total_damage_to_players,Daño total,132.2,41.2,91.0,220.9,3.32,10
TFT16_Ambessa | TFT16_Mel | tft16_atakhan,level,Nivel,9,8.44,0.56,6.6,1.49,10
TFT16_Ambessa | TFT16_Mel | tft16_atakhan,last_round,Ronda supervivencia,34,28.11,5.89,20.9,3.6,10
TFT16_Ambessa | TFT16_Mel | tft16_atakhan,gold_left,Oro sobrante,1,3,-2,-66.7,-0.52,10
TFT16_Ambessa | TFT16_Mel | tft16_atakhan,players_eliminated,Eliminaciones,0,0,0,0,0,10
TFT16_Ambessa | TFT16_Mel | tft16_atakhan,total_damage_to_players,Daño total,127,65.67,61.33,93.4,3.33,10
